ID,Cemetery,Year,TS,PPA,Tag,Quadrant,Excavation Trench,Sq,Layer,L1 details,Feature,Offering Place,Tomb,Artifact type,Material gen,Material spec,Color,Color Munsell,Status (Entire/broken),Length MAX (cm),Thickness (cm),Dia MAX 1 (cm),Dia MIN 1 (cm),Width (cm),Photo,Notes,,,,,,,,,,,
TAG6483-AKAP-PG-SF_0220,WT1,2022,,,6483,Q3B,,,L121,,,,TB10,,Stone,Ochre,Reddish,,Fragment,,,0.739,0.665,,,,,,,,,,,,,,
TAG6251-AKAP-PG-SF_0221,WT1,2022,,,6251,Q1B,,,L68,,FT14,,,,Stone,Ochre,Reddish,,Fragment,,,0.602,0.481,,,,,,,,,,,,,,
TAG6251-AKAP-PG-SF_6068,WT1,2022,,,6251,Q1B,,,L68,,FT14,,,,Stone,Ochre,Reddish,,Fragment,,,0.602,0.481,,,,,,,,,,,,,,
TAG6501-AKAP-PG-SF_0222,WT1,2022,,,6501,Q4B,,,L1,SE of TB11,,,,,Stone,Ochre,Reddish,,Fragment,,,0.838,0.85,,,,,,,,,,,,,,
TAG6235-AKAP-PG-SF_0223,WT1,2022,,,6235,Q3B,,,L18,,,,TB8,,Stone,Ochre,Reddish,,Fragment,1.672,0.532,,,2.738,,,,,,,,,,,,,
TAG6235-AKAP-PG-SF_0224,WT1,2022,,,6235,Q3B,,,L18,,,,TB8,,Stone,Ochre,Reddish,,Fragment,0.638,0.293,,,0.423,,,,,,,,,,,,,
TAG6235-AKAP-PG-SF_0225,WT1,2022,,,6235,Q3B,,,L18,,,,TB8,,Stone,Ochre,Reddish,,Fragment,0.671,0.197,,,0.537,,,,,,,,,,,,,
TAG6235-AKAP-PG-SF_0226,WT1,2022,,,6235,Q3B,,,L18,,,,TB8,,Stone,Ochre,Reddish,,Fragment,0.867,0.318,,,0.742,,,,,,,,,,,,,
TAG6163-AKAP-PG-SF_0227,WT1,2022,,,6163,Q3B,,,L57,,,,TB8,,Stone,Ochre,Reddish,,Fragment,0.98,0.41,,,0.663,,,,,,,,,,,,,
TAG6306-AKAP-PG-SF_0228,WT1,2022,,,6306,Q3B,,,L64,,,,TB8,,Stone,Ochre,Reddish,,Fragment,1.277,0.281,,,0.543,,,,,,,,,,,,,
TAG6388-AKAP-PG-SF_0229,WT1,2022,,,6388,Q3B,,,L100,,,,TB10,,Stone,Ochre,Reddish,,Fragment,1.05,0.32,,,0.493,,,,,,,,,,,,,
TAG6368-AKAP-PG-SF_0230,WT1,2022,,,6368,Q3B,,,L85,,,,TB8,,Stone,Ochre,Reddish,,Fragment,1.166,0.255,,,0.7,,,,,,,,,,,,,
TAG6368-AKAP-PG-SF_0231,WT1,2022,,,6368,Q3B,,,L85,,,,TB8,,Stone,Ochre,Reddish,,Fragment,,,0.467,0.432,,,,,,,,,,,,,,
TAG6368-AKAP-PG-SF_0232,WT1,2022,,,6368,Q3B,,,L85,,,,TB8,,Stone,Ochre,Reddish,,Fragment,0.51,0.204,,,0.442,,,,,,,,,,,,,
TAG6368-AKAP-PG-SF_0233,WT1,2022,,,6368,Q3B,,,L85,,,,TB8,,Stone,Ochre,Reddish,,Fragment,0.581,0.204,,,0.485,,,,,,,,,,,,,
TAG6363-AKAP-PG-SF_0234,WT1,2022,,,6363,Q3B,,,L1 ,From TB8 to East,,,,,Stone,Ochre,Reddish,,Fragment,0.783,0.242,,,0.437,,,,,,,,,,,,,
TAG6244-AKAP-PG-SF_0235,WT1,2022,,,6244,Q3A,,,L53,,,,TB6,,Stone,Ochre,Reddish,,Fragment,0.396,,,,0.259,,,,,,,,,,,,,
TAG6244-AKAP-PG-SF_0236,WT1,2022,,,6244,Q3A,,,L53,,,,TB6,,Stone,Ochre,Reddish,,Fragment,0.413,0.147,,,0.371,,,,,,,,,,,,,
TAG6244-AKAP-PG-SF_0237,WT1,2022,,,6244,Q3A,,,L53,,,,TB6,,Stone,Ochre,Reddish,,Fragment,0.71,0.218,,,0.323,,,,,,,,,,,,,
TAG6244-AKAP-PG-SF_6069,WT1,2022,,,6244,Q3A,,,L53,,,,TB6,,Stone,Ochre,Reddish,,Fragment,0.71,0.218,,,0.323,,,,,,,,,,,,,
TAG6432-AKAP-PG-SF_0238,WT1,2022,,,6432,Q4B,,,L1,Area around OP delta-FT23 (S of the stone ring of TB8) and (from W to E) TB15-TB14-TB13 but excluding eastern sector of Q4B,,,,,Stone,Ochre,Reddish,,Fragment,0.984,0.367,,,0.649,,,,,,,,,,,,,
TAG6446-AKAP-PG-SF_0239,WT1,2022,,,6446,Q4B,,,L1,,,,,,Stone,Ochre,Reddish,,Fragment,1.582,0.385,,,1.182,,,,,,,,,,,,,
TAG6446-AKAP-PG-SF_0240,WT1,2022,,,6446,Q4B,E Trench,,L112,,,,,,Stone,Ochre,Reddish,,Fragment,1.128,0.658,,,0.843,,,,,,,,,,,,,
TAG6541-AKAP-PG-SF_0241,WT1,2022,,,6541,Q4A,,,L144,,,,TB17,,Stone,Ochre,Reddish,,Fragment,0.944,0.471,,,0.511,,,,,,,,,,,,,
TAG6456-AKAP-PG-SF_0256,WT1,2022,,,6456,Q4B,E Trench,,L112,,,,,,Stone,Quartz,White,,Fragment,2.557,0.632,,,1.526,,Fragment of a container?,,,,,,,,,,,
TAG6426-AKAP-PG-SF_0416,WT1,2022,,,6426,Q4B,,,L1,Area around OP delta-FT23 (S of the stone ring of TB8) and (from W to E) TB15-TB14-TB13 but excluding eastern sector of Q4B,,,,Pebble,Stone,,Grey,,Preserved,,,4.640,3.996,,,,,,,,,,,,,,
TAG6544-AKAP-PG-SF_0417,WT1,2022,,44,6544,Q4A,,,L1,Between TB7 and FT26,,,,Pebble,Stone,,Grey,,Preserved,,,3.989,3.468,,,,,,,,,,,,,,L1 between TB7 and F26/stele
TAG6397-AKAP-PG-SF_0418,WT1,2022,,,6397,Q4A,,,L1,Area between FT26/stela (east) and TB17 (west) ca 8m (E-W) x 4 m (N-S)?? (PSF039),,,,Pebble,Stone,Quartz,Grey,,Preserved,,,3.306,2.556,,,,,,,,,,,,,,
TAG5961-AKAP-PG-SF_0419,WT1,2022,,2,5961,Q1A,,,L1,SC,,,,Pebble,Stone,,Grey,,Preserved,,,3.939,2.745,,,,,,,,,,,,,,
TAG6130-AKAP-PG-SF_0420,WT1,2022,,,6130,Q3A,,,L45,,,,TB6,Pebble,Stone,,Grey,,,,,4.871,3.132,,,,,,,,,,,,,,
TAG5986-AKAP-PG-SF_0421,WT1,2022,,13,5986,Q2B,,,L1,SC,,,,Pebble,Stone,,Grey,,Preserved,,,3.812,2.895,,,,,,,,,,,,,,
TAG6013-AKAP-PG-SF_0422,WT1,2022,,,6013,Q1B,,,L1,See PSF0004,,,,Pebble,Stone,,Reddish grey,,Preserved,,,3.770,4.166,,,,,,,,,,,,,,One side is chipped
TAG6528-AKAP-PG-SF_0423,WT1,2022,,,6528,Q4A,,,L1,W sector of Q4A: from the W limit Q2B/Q4A to OP epsilon  (PSF048),,,,Grinding stone,Stone,,Grey,,Preserved,15.082,2.762,,10.032,,,,,,,,,,,,,,
TAG5984-AKAP-PG-SF_6070,WT1,2022,,12,5984,Q2B,,,L1,SC,,,,Pebble,Stone,,Grey,,Preserved,6.295,2.640,,4.262,,,,,,,,,,,,,,
TAG5997-AKAP-PG-SF_0425,WT1,2022,,16,5997,Q1B,,,L1,SC,,,,Pebble,Stone,,Grey,,Preserved,,,11.194,3.763,,,With reddish traces? Maybe ochre?,,,,,,,,,,,
TAG5997-AKAP-PG-SF_6204,WT1,2022,,16,5997,Q1B,,,L1,SC,,,,Pebble,Stone,,Grey,,Preserved,,,,,,,,,,,,,,,,,,
TAG5997-AKAP-PG-SF_6205,WT1,2022,,16,5997,Q1B,,,L1,SC,,,,Pebble,Stone,,Grey,,Preserved,,,,,,,,,,,,,,,,,,
TAG5997-AKAP-PG-SF_6206,WT1,2022,,16,5997,Q1B,,,L1,SC,,,,Pebble,Stone,,Grey,,Preserved,,,,,,,,,,,,,,,,,,
TAG5997-AKAP-PG-SF_6207,WT1,2022,,16,5997,Q1B,,,L1,SC,,,,Pebble,Stone,,Grey,,Preserved,,,,,,,,,,,,,,,,,,
TAG5997-AKAP-PG-SF_6208,WT1,2022,,16,5997,Q1B,,,L1,SC,,,,Pebble,Stone,,Grey,,Preserved,,,,,,,,,,,,,,,,,,
TAG5997-AKAP-PG-SF_6209,WT1,2022,,16,5997,Q1B,,,L1,SC,,,,Pebble,Stone,,Grey,,Preserved,,,,,,,,,,,,,,,,,,
TAG5997-AKAP-PG-SF_6210,WT1,2022,,16,5997,Q1B,,,L1,SC,,,,Pebble,Stone,,Grey,,Preserved,,,,,,,,,,,,,,,,,,
TAG5997-AKAP-PG-SF_6211,WT1,2022,,16,5997,Q1B,,,L1,SC,,,,Pebble,Stone,,Grey,,Preserved,,,,,,,,,,,,,,,,,,
TAG5997-AKAP-PG-SF_6212,WT1,2022,,16,5997,Q1B,,,L1,SC,,,,Pebble,Stone,,Grey,,Preserved,,,,,,,,,,,,,,,,,,
TAG5997-AKAP-PG-SF_6213,WT1,2022,,16,5997,Q1B,,,L1,SC,,,,Pebble,Stone,,Grey,,Preserved,,,,,,,,,,,,,,,,,,
TAG6060-AKAP-PG-SF_0426,WT1,2022,,18,6060,Q1B,,,L1,,,,,Pebble,Stone,,Grey,,Preserved,,,5.411,3.365,,,,,,,,,,,,,,
TAG6060-AKAP-PG-SF_6070,WT1,2022,,18,6060,Q1B,,,L1,,,,,Pebble,Stone,,Grey,,Preserved,,,5.411,3.365,,,,,,,,,,,,,,
TAG6060-AKAP-PG-SF_6071,WT1,2022,,18,6060,Q1B,,,L1,,,,,Pebble,Stone,,Grey,,Preserved,,,5.411,3.365,,,,,,,,,,,,,,
TAG6060-AKAP-PG-SF_6072,WT1,2022,,18,6060,Q1B,,,L1,,,,,Pebble,Stone,,Grey,,Preserved,,,5.411,3.365,,,,,,,,,,,,,,
TAG6060-AKAP-PG-SF_6073,WT1,2022,,18,6060,Q1B,,,L1,,,,,Pebble,Stone,,Grey,,Preserved,,,5.411,3.365,,,,,,,,,,,,,,
TAG6060-AKAP-PG-SF_6074,WT1,2022,,18,6060,Q1B,,,L1,,,,,Pebble,Stone,,Grey,,Preserved,,,5.411,3.365,,,,,,,,,,,,,,
TAG6060-AKAP-PG-SF_6075,WT1,2022,,18,6060,Q1B,,,L1,,,,,Pebble,Stone,,Grey,,Preserved,,,5.411,3.365,,,,,,,,,,,,,,
TAG6060-AKAP-PG-SF_6076,WT1,2022,,18,6060,Q1B,,,L1,,,,,Pebble,Stone,,Grey,,Preserved,,,5.411,3.365,,,,,,,,,,,,,,
TAG5969-AKAP-PG-SF_0427,WT1,2022,,6,5969,Q1B,,,L1,SC,,,,Pebble,Stone,,Reddish brown,,,1.639,2.716,,1.093,,,,,,,,,,,,,,
TAG7453-AKAP-PG-SF_0473,WT1,2022,,34,7453,Q4B,,,L104,,,OP delta,,,Stone,Flint,,,,,,,,,,"Found in november 2024, among sediment sample TAG6438)",,,,,,,,,,,
TAG6001-AKAP-PG-SF_6077,WT1,2022,,,6001,Q1A,,,L1,See PSF0004,,,,Flake,Stone,Flint,,,,,,,,,,,,,,,,,,,,,
TAG6001-AKAP-PG-SF_6078,WT1,2022,,,6001,Q1A,,,L1,See PSF0004,,,,Flake,Stone,Flint,,,,,,,,,,,,,,,,,,,,,
TAG6001-AKAP-PG-SF_6079,WT1,2022,,,6001,Q1A,,,L1,See PSF0004,,,,Flake,Stone,Flint,,,,,,,,,,,,,,,,,,,,,
TAG6001-AKAP-PG-SF_6080,WT1,2022,,,6001,Q1A,,,L1,See PSF0004,,,,Flake,Stone,Flint,,,,,,,,,,,,,,,,,,,,,
TAG6001-AKAP-PG-SF_6081,WT1,2022,,,6001,Q1A,,,L1,See PSF0004,,,,Flake,Stone,Flint,,,,,,,,,,,,,,,,,,,,,
TAG6004-AKAP-PG-SF_6082,WT1,2022,,,6004,Q1A,,,L1,See PSF0004,,,,Flake,Stone,,,,,,,,,,,Palaeolithic?,,,,,,,,,,,
TAG6008-AKAP-PG-SF_6083,WT1,2022,,,6008,Q2A,,,L1,See PSF0004,,,,Flake,Stone,Flint,,,,,,,,,,Palaeolithic?,,,,,,,,,,,
TAG6010-AKAP-PG-SF_6084,WT1,2022,,,6010,Q2A,,,L1,See PSF0004,,,,Flake,Stone,Quartz,,,,,,,,,,,,,,,,,,,,,
TAG6010-AKAP-PG-SF_6085,WT1,2022,,,6010,Q2A,,,L1,See PSF0004,,,,Flake,Stone,Quartz,,,,,,,,,,,,,,,,,,,,,
TAG6010-AKAP-PG-SF_6086,WT1,2022,,,6010,Q2A,,,L1,See PSF0004,,,,Flake,Stone,Quartz,,,,,,,,,,,,,,,,,,,,,
TAG6010-AKAP-PG-SF_6087,WT1,2022,,,6010,Q2A,,,L1,See PSF0004,,,,Flake,Stone,Quartz,,,,,,,,,,,,,,,,,,,,,
TAG6016-AKAP-PG-SF_6088,WT1,2022,,,6016,Q1B,,,L1,See PSF0004,,,,Flake,Stone,Flint,,,,,,,,,,Palaeolithic?,,,,,,,,,,,
TAG6017-AKAP-PG-SF_6089,WT1,2022,,,6017,Q2B,,,L1,See PSF0004,,,,Flake,Stone,Quartz,,,,,,,,,,,,,,,,,,,,,
TAG6017-AKAP-PG-SF_6090,WT1,2022,,,6017,Q2B,,,L1,See PSF0004,,,,Flake,Stone,Quartz,,,,,,,,,,,,,,,,,,,,,
TAG6021-AKAP-PG-SF_6091,WT1,2022,,,6021,Q2B,,,L1,See PSF0004,,,,Flake,Stone,Flint,,,,,,,,,,,,,,,,,,,,,
TAG6024-AKAP-PG-SF_6092,WT1,2022,,,6024,Q2B,,,L1,See PSF0004,,,,Flake,Stone,Quartz,,,,,,,,,,,,,,,,,,,,,
TAG6024-AKAP-PG-SF_6093,WT1,2022,,,6024,Q2B,,,L1,See PSF0004,,,,Flake,Stone,Quartz,,,,,,,,,,,,,,,,,,,,,
TAG6024-AKAP-PG-SF_6094,WT1,2022,,,6024,Q2B,,,L1,See PSF0004,,,,Flake,Stone,Quartz,,,,,,,,,,,,,,,,,,,,,
TAG6024-AKAP-PG-SF_6095,WT1,2022,,,6024,Q2B,,,L1,See PSF0004,,,,Flake,Stone,Quartz,,,,,,,,,,,,,,,,,,,,,
TAG6029-AKAP-PG-SF_6096,WT1,2022,,,6029,Q2A,,,L1,See PSF0004,,,,Flake,Stone,Quartz,,,,,,,,,,,,,,,,,,,,,
TAG6041-AKAP-PG-SF_6097,WT1,2022,,,6041,Q1B-2B,,,L8,,FT3,,TB3,Flake,Stone,Flint,,,,,,,,,,,,,,,,,,,,,
TAG6046-AKAP-PG-SF_6098,WT1,2022,,,6046,Q1B-2B,,,L8,,FT3,,TB3,Flake,Stone,Quartz,,,,,,,,,,,,,,,,,,,,,
TAG6046-AKAP-PG-SF_6099,WT1,2022,,,6046,Q1B-2B,,,L8,,FT3,,TB3,Flake,Stone,Quartz,,,,,,,,,,,,,,,,,,,,,
TAG6053-AKAP-PG-SF_6100,WT1,2022,,,6053,Q1B,,,L2,,,,,Flake,Stone,Quartz,,,,,,,,,,,,,,,,,,,,,
TAG6053-AKAP-PG-SF_6101,WT1,2022,,,6053,Q1B,,,L2,,,,,Flake,Stone,Quartz,,,,,,,,,,,,,,,,,,,,,
TAG6053-AKAP-PG-SF_6102,WT1,2022,,,6053,Q1B,,,L2,,,,,Flake,Stone,Quartz,,,,,,,,,,,,,,,,,,,,,
TAG6066-AKAP-PG-SF_6103,WT1,2022,,,6066,Q1B,,,L12,,,,,Flake,Stone,Quartz,,,,,,,,,,,,,,,,,,,,,
TAG6074-AKAP-PG-SF_6104,WT1,2022,,,6074,Q3A,,,L1,Between FT4-FT5 and SW corner of Q3A to W excluding TB17 (PSF008),,,,Flake,Stone,Quartz,,,,,,,,,,,,,,,,,,,,,
TAG6074-AKAP-PG-SF_6105,WT1,2022,,,6074,Q3A,,,L1,Between FT4-FT5 and SW corner of Q3A to W excluding TB17 (PSF008),,,,Flake,Stone,Quartz,,,,,,,,,,,,,,,,,,,,,
TAG6074-AKAP-PG-SF_6106,WT1,2022,,,6074,Q3A,,,L1,Between FT4-FT5 and SW corner of Q3A to W excluding TB17 (PSF008),,,,Flake,Stone,Carnelian,,,,,,,,,,,Palaeolithic,,,,,,,,,,
TAG6083-AKAP-PG-SF_6107,WT1,2022,,,6083,Q3B,,,L1,L1 above TB8 (L1 above: L18 top layer of filling; L19 stone ring of TB8) (PSF010),,,,Core,Stone,Quartz,,,,,,,,,,,,,,,,,,,,,
TAG6097-AKAP-PG-SF_6108,WT1,2022,,,6097,Q3B,,,L1,Q3B: N-NW-W-S of TB8 ? (PSF011),,,,Flake,Stone,Quartz,,,,,,,,,,,,,,,,,,,,,
TAG6097-AKAP-PG-SF_6109,WT1,2022,,,6097,Q3B,,,L1,Q3B: N-NW-W-S of TB8 ? (PSF011),,,,Flake,Stone,Quartz,,,,,,,,,,,,,,,,,,,,,
TAG6097-AKAP-PG-SF_6110,WT1,2022,,,6097,Q3B,,,L1,Q3B: N-NW-W-S of TB8 ? (PSF011),,,,Flake,Stone,Quartz,,,,,,,,,,,,,,,,,,,,,
TAG6123-AKAP-PG-SF_6111,WT1,2022,,,6123,Q3A,,,L30,,FT11,,,Flake,Stone,Flint,,,,,,,,,,,,,,,,,,,,,
TAG6132-AKAP-PG-SF_6112,WT1,2022,,,6132,Q3A,,,L45,,,,TB6,Flake,Stone,Quartz,,,,,,,,,,,,,,,,,,,,,
TAG6132-AKAP-PG-SF_6113,WT1,2022,,,6132,Q3A,,,L45,,,,TB6,Flake,Stone,Quartz,,,,,,,,,,,,,,,,,,,,,
TAG6136-AKAP-GP-SF_6114,WT1,2022,,,6136,Q3A,,,L46,,,,,Flake,Stone,Flint,,,,,,,,,,Retouched,,,,,,,,,,,
TAG6155-AKAP-PG-SF_6115,WT1,2022,,,6155,Q3A,,,L58,,,,TB6,Flake,Stone,Flint,,,,,,,,,,,,,,,,,,,,,
TAG6155-AKAP-PG-SF_6116,WT1,2022,,,6155,Q3A,,,L58,,,,TB6,Flake?,Stone,Flint,,,,,,,,,,,,,,,,,,,,,
TAG6164-AKAP-PG-SF_6117,WT1,2022,,,6164,Q3B,,,L57,,,,TB8,Flake,Stone,Flint,,,,,,,,,,,,,,,,,,,,,
TAG6233-AKAP-PG-SF_6118,WT1,2022,,,6233,Q3B,,,L18,,,,TB8,Flake,Stone,Quartz,,,,,,,,,,,,,,,,,,,,,
TAG6240-AKAP-PG-SF_6119,WT1,2022,,,6240,Q3A,,,L45 Cleaning,,,,TB6,Flake,Stone,Quartz,,,,,,,,,,,,,,,,,,,,,
TAG6320-AKAP-PG-SF_6120,WT1,2022,,,6320,Q3B,,,L64,,,,TB8,,Stone,Ochre,,,,,,,,,,,,,,,,,,,,,
TAG6320-AKAP-PG-SF_6121,WT1,2022,,,6320,Q3B,,,L64,,,,TB8,,Stone,Ochre,,,,,,,,,,,,,,,,,,,,,
TAG6324-AKAP-PG-SF_6122,WT1,2022,,,6324,Q3B,,,L1 ,From TB8 to East,,,,Flake,Stone,Quartz,,,,,,,,,,,,,,,,,,,,,
TAG6380-AKAP-PG-SF_6123,WT1,2022,,,6380,Q3B,,,L1,N of TB8,,,,Flake,Stone,Flint,,,,,,,,,,,,,,,,,,,,,
TAG6380-AKAP-PG-SF_6124,WT1,2022,,,6380,Q3B,,,L1,N of TB8,,,,Flake,Stone,Quartz,,,,,,,,,,,,,,,,,,,,,
TAG6380-AKAP-PG-SF_6125,WT1,2022,,,6380,Q3B,,,L1,N of TB8,,,,Flake,Stone,Quartz,,,,,,,,,,,,,,,,,,,,,
TAG6405-AKAP-PG-SF_6126,WT1,2022,,,6405,Q4A,,,L1,Area between FT26/stela (east) and TB17 (west) ca 8m (E-W) x 4 m (N-S)?? (PSF039),,,,Flake,Stone,Quartz,,,,,,,,,,Number uncertain!,,,,,,,,,,,
TAG6405-AKAP-PG-SF_6127,WT1,2022,,,6405,Q4A,,,L1,Area between FT26/stela (east) and TB17 (west) ca 8m (E-W) x 4 m (N-S)?? (PSF039),,,,Flake,Stone,Quartz,,,,,,,,,,Number uncertain!,,,,,,,,,,,
TAG6405-AKAP-PG-SF_6128,WT1,2022,,,6405,Q4A,,,L1,Area between FT26/stela (east) and TB17 (west) ca 8m (E-W) x 4 m (N-S)?? (PSF039),,,,Flake,Stone,Quartz,,,,,,,,,,Number uncertain!,,,,,,,,,,,
TAG6405-AKAP-PG-SF_6129,WT1,2022,,,6405,Q4A,,,L1,Area between FT26/stela (east) and TB17 (west) ca 8m (E-W) x 4 m (N-S)?? (PSF039),,,,Flake,Stone,Quartz,,,,,,,,,,Number uncertain!,,,,,,,,,,,
TAG6405-AKAP-PG-SF_6130,WT1,2022,,,6405,Q4A,,,L1,Area between FT26/stela (east) and TB17 (west) ca 8m (E-W) x 4 m (N-S)?? (PSF039),,,,Flake,Stone,Quartz,,,,,,,,,,Number uncertain!,,,,,,,,,,,
TAG6405-AKAP-PG-SF_6131,WT1,2022,,,6405,Q4A,,,L1,Area between FT26/stela (east) and TB17 (west) ca 8m (E-W) x 4 m (N-S)?? (PSF039),,,,Flake,Stone,Flint,,,,,,,,,,Number uncertain!,,,,,,,,,,,
TAG6405-AKAP-PG-SF_6132,WT1,2022,,,6405,Q4A,,,L1,Area between FT26/stela (east) and TB17 (west) ca 8m (E-W) x 4 m (N-S)?? (PSF039),,,,Flake,Stone,Flint,,,,,,,,,,Number uncertain!,,,,,,,,,,,
TAG6405-AKAP-PG-SF_6133,WT1,2022,,,6405,Q4A,,,L1,Area between FT26/stela (east) and TB17 (west) ca 8m (E-W) x 4 m (N-S)?? (PSF039),,,,Flake,Stone,Flint,,,,,,,,,,Number uncertain!,,,,,,,,,,,
TAG6405-AKAP-PG-SF_6134,WT1,2022,,,6405,Q4A,,,L1,Area between FT26/stela (east) and TB17 (west) ca 8m (E-W) x 4 m (N-S)?? (PSF039),,,,Flake,Stone,Flint,,,,,,,,,,Number uncertain!,,,,,,,,,,,
TAG6405-AKAP-PG-SF_6135,WT1,2022,,,6405,Q4A,,,L1,Area between FT26/stela (east) and TB17 (west) ca 8m (E-W) x 4 m (N-S)?? (PSF039),,,,Flake,Stone,Flint,,,,,,,,,,Number uncertain!,,,,,,,,,,,
TAG6412-AKAP-PG-SF_6136,WT1,2022,,,6412,Q4A,,,L1,Residual part of Q4A (see Q4A excavated on 22th oct): a strip in the northen sector of Q4A from T17 to T7 and the limit of Q4A/Q4B (?),,,,Flake,Stone,Quartz,,,,,,,,,,,,,,,,,,,,,
TAG6412-AKAP-PG-SF_6137,WT1,2022,,,6412,Q4A,,,L1,Residual part of Q4A (see Q4A excavated on 22th oct): a strip in the northen sector of Q4A from T17 to T7 and the limit of Q4A/Q4B (?),,,,Flake,Stone,Flint,,,,,,,,,,,,,,,,,,,,,
TAG6412-AKAP-PG-SF_6138,WT1,2022,,,6412,Q4A,,,L1,Residual part of Q4A (see Q4A excavated on 22th oct): a strip in the northen sector of Q4A from T17 to T7 and the limit of Q4A/Q4B (?),,,,Flake,Stone,Flint,,,,,,,,,,,,,,,,,,,,,
TAG6427-AKAP-PG-SF_6139,WT1,2022,,,6427,Q4B,,,L1,Area around OP delta-FT23 (S of the stone ring of TB8) and (from W to E) TB15-TB14-TB13 but excluding eastern sector of Q4B,,,,Flake,Stone,Quartz,,,,,,,,,,,,,,,,,,,,,
TAG6427-AKAP-PG-SF_6140,WT1,2022,,,6427,Q4B,,,L1,Area around OP delta-FT23 (S of the stone ring of TB8) and (from W to E) TB15-TB14-TB13 but excluding eastern sector of Q4B,,,,Flake,Stone,Quartz,,,,,,,,,,,,,,,,,,,,,
TAG6427-AKAP-PG-SF_6141,WT1,2022,,,6427,Q4B,,,L1,Area around OP delta-FT23 (S of the stone ring of TB8) and (from W to E) TB15-TB14-TB13 but excluding eastern sector of Q4B,,,,Flake,Stone,Quartz,,,,,,,,,,,,,,,,,,,,,
TAG6427-AKAP-PG-SF_6142,WT1,2022,,,6427,Q4B,,,L1,Area around OP delta-FT23 (S of the stone ring of TB8) and (from W to E) TB15-TB14-TB13 but excluding eastern sector of Q4B,,,,Flake,Stone,Flint,,,,,,,,,,,,,,,,,,,,,
TAG6442-AKAP-PG-SF_6143,WT1,2022,,,6442,Q4B,E Trench,,L112,,,,,Flake,Stone,Quartz,,,,,,,,,,,,,,,,,,,,,
TAG6442-AKAP-PG-SF_6144,WT1,2022,,,6442,Q4B,E Trench,,L112,,,,,Flake,Stone,Flint,,,,,,,,,,,,,,,,,,,,,
TAG6442-AKAP-PG-SF_6145,WT1,2022,,,6442,Q4B,E Trench,,L112,,,,,Flake,Stone,Flint,,,,,,,,,,,,,,,,,,,,,
TAG6442-AKAP-PG-SF_6146,WT1,2022,,,6442,Q4B,E Trench,,L112,,,,,Flake,Stone,Flint,,,,,,,,,,,,,,,,,,,,,
TAG6442-AKAP-PG-SF_6147,WT1,2022,,,6442,Q4B,E Trench,,L112,,,,,Flake,Stone,Flint,,,,,,,,,,,,,,,,,,,,,
TAG6453-AKAP-PG-SF_6148,WT1,2022,,,6453,Q4B,E Trench,,L112,,,,,Flake,Stone,Quartz,,,,,,,,,,,,,,,,,,,,,
TAG6453-AKAP-PG-SF_6149,WT1,2022,,,6453,Q4B,E Trench,,L112,,,,,Flake,Stone,Quartz,,,,,,,,,,,,,,,,,,,,,
TAG6460-AKAP-PG-SF_6150,WT1,2022,,,6460,Q4A-4B,,,L1,Cleaning,,,,Flake,Stone,Quartz,,,,,,,,,,,,,,,,,,,,,
TAG6460-AKAP-PG-SF_6151,WT1,2022,,,6460,Q4A-4B,,,L1,Cleaning,,,,Flake,Stone,Quartz,,,,,,,,,,,,,,,,,,,,,
TAG6475-AKAP-PG-SF_6152,WT1,2022,,,6475,Q3B,,,L102,,,,TB10,Flake,Stone,Flint,,,,,,,,,,,,,,,,,,,,,
TAG6495-AKAP-PG-SF_6153,WT1,2022,,,6495,Q2B-4B,,,L1,SW corner of Q4A/SE corner of Q2B,,,,Flake,Stone,Quartz,,,,,,,,,,,,,,,,,,,,,
TAG6495-AKAP-PG-SF_6154,WT1,2022,,,6495,Q2B-4B,,,L1,SW corner of Q4A/SE corner of Q2B,,,,Flake,Stone,Quartz,,,,,,,,,,,,,,,,,,,,,
TAG6498-AKAP-PG-SF_6155,WT1,2022,,,6498,Q4B,,,L1,SE of TB11,,,,Flake,Stone,,Green,,,,,,,,,,,,,,,,,,,,
TAG6506-AKAP-PG-SF_6156,WT1,2022,,,6506,Q4B,E Trench,,L112,,,,,Flake,Stone,Quartz,,,,,,,,,,,,,,,,,,,,,
TAG6509-AKAP-PG-SF_6157,WT1,2022,,,6509,Q3A-3B,,,L1,,,,,Flake,Stone,Quartz,,,,,,,,,,,,,,,,,,,,,
TAG6527-AKAP-PG-SF_6158,WT1,2022,,,6527,Q4A,,,L1,W sector of Q4A: from the W limit Q2B/Q4A to OP epsilon  (PSF048),,,,Flake,Stone,Quartz,,,,,,,,,,,,,,,,,,,,,
TAG6527-AKAP-PG-SF_6159,WT1,2022,,,6527,Q4A,,,L1,W sector of Q4A: from the W limit Q2B/Q4A to OP epsilon  (PSF048),,,,Flake,Stone,Quartz,,,,,,,,,,,,,,,,,,,,,
TAG6527-AKAP-PG-SF_6160,WT1,2022,,,6527,Q4A,,,L1,W sector of Q4A: from the W limit Q2B/Q4A to OP epsilon  (PSF048),,,,Flake,Stone,Quartz,,,,,,,,,,,,,,,,,,,,,
TAG6527-AKAP-PG-SF_6161,WT1,2022,,,6527,Q4A,,,L1,W sector of Q4A: from the W limit Q2B/Q4A to OP epsilon  (PSF048),,,,Flake,Stone,Quartz,,,,,,,,,,,,,,,,,,,,,
TAG6527-AKAP-PG-SF_6162,WT1,2022,,,6527,Q4A,,,L1,W sector of Q4A: from the W limit Q2B/Q4A to OP epsilon  (PSF048),,,,Flake,Stone,Quartz,,,,,,,,,,,,,,,,,,,,,
TAG6539-AKAP-PG-SF_6163,WT1,2022,,,6539,Q4A,,,L144,,,,TB17,Flake,Stone,Quartz,,,,,,,,,,Number uncertain!,,,,,,,,,,,
TAG6539-AKAP-PG-SF_6164,WT1,2022,,,6539,Q4A,,,L144,,,,TB17,Flake,Stone,Quartz,,,,,,,,,,Number uncertain!,,,,,,,,,,,
TAG6539-AKAP-PG-SF_6165,WT1,2022,,,6539,Q4A,,,L144,,,,TB17,Flake,Stone,Quartz,,,,,,,,,,Number uncertain!,,,,,,,,,,,
TAG6539-AKAP-PG-SF_6166,WT1,2022,,,6539,Q4A,,,L144,,,,TB17,Flake,Stone,Quartz,,,,,,,,,,Number uncertain!,,,,,,,,,,,
TAG6539-AKAP-PG-SF_6167,WT1,2022,,,6539,Q4A,,,L144,,,,TB17,Flake,Stone,Quartz,,,,,,,,,,Number uncertain!,,,,,,,,,,,
TAG6539-AKAP-PG-SF_6168,WT1,2022,,,6539,Q4A,,,L144,,,,TB17,Flake,Stone,Quartz,,,,,,,,,,Number uncertain!,,,,,,,,,,,
TAG6539-AKAP-PG-SF_6169,WT1,2022,,,6539,Q4A,,,L144,,,,TB17,Flake,Stone,Quartz,,,,,,,,,,Number uncertain!,,,,,,,,,,,
TAG6539-AKAP-PG-SF_6170,WT1,2022,,,6539,Q4A,,,L144,,,,TB17,Flake,Stone,Quartz,,,,,,,,,,Number uncertain!,,,,,,,,,,,
TAG6539-AKAP-PG-SF_6171,WT1,2022,,,6539,Q4A,,,L144,,,,TB17,Flake,Stone,Quartz,,,,,,,,,,Number uncertain!,,,,,,,,,,,
TAG6539-AKAP-PG-SF_6172,WT1,2022,,,6539,Q4A,,,L144,,,,TB17,Flake,Stone,Quartz,,,,,,,,,,Number uncertain!,,,,,,,,,,,
TAG6549-AKAP-PG-SF_6173,WT1,2022,,,6549,Q4A,,,L1,S of TB7,,,,Core,Stone,Quartz,,,,,,,,,,,,,,,,,,,,,
TAG6568-AKAP-PG-SF_6174,WT1,2022,,,6568,Q3A-3B,,,L1,N of TB6 outside the ring,,FT32,,Flake,Stone,Quartz,,,,,,,,,,,,,,,,,,,,,
TAG6576-AKAP-PG-SF_6175,WT1,2022,,,6576,Q1B-2B,,,L151,,,,TB19,Flake,Stone,Flint,,,,,,,,,,,,,,,,,,,,,
TAG6576-AKAP-PG-SF_6176,WT1,2022,,,6576,Q1B-2B,,,L151,,,,TB19,Flake,Stone,Flint,,,,,,,,,,,,,,,,,,,,,
TAG6576-AKAP-PG-SF_6177,WT1,2022,,,6576,Q1B-2B,,,L151,,,,TB19,Flake,Stone,Quartz,,,,,,,,,,,,,,,,,,,,,
TAG6594-AKAP-PG-SF_6178,WT1,2022,,,6594,Q4B,SE Trench,,L1,SE trench (from TB14 to SE) ,,,,Flake,Stone,Quartz,,,,,,,,,,,,,,,,,,,,,
TAG6594-AKAP-PG-SF_6179,WT1,2022,,,6594,Q4B,SE Trench,,L1,SE trench (from TB14 to SE) ,,,,Flake,Stone,Flint,,,,,,,,,,,,,,,,,,,,,
TAG6603-AKAP-PG-SF_6180,WT1,2022,,,6603,Q3A,,,L1,SW corner of Q3A (S of FT11-TB9 and WSW of TB6-TB7),,,,Flake,Stone,Quartz,,,Burnt?,,,,,,,Number uncertain!,,,,,,,,,,,
TAG6603-AKAP-PG-SF_6181,WT1,2022,,,6603,Q3A,,,L1,SW corner of Q3A (S of FT11-TB9 and WSW of TB6-TB7),,,,Flake,Stone,Quartz,,,Burnt?,,,,,,,Number uncertain!,,,,,,,,,,,
TAG6603-AKAP-PG-SF_6182,WT1,2022,,,6603,Q3A,,,L1,SW corner of Q3A (S of FT11-TB9 and WSW of TB6-TB7),,,,Flake,Stone,Quartz,,,,,,,,,,Number uncertain!,,,,,,,,,,,
TAG6603-AKAP-PG-SF_6183,WT1,2022,,,6603,Q3A,,,L1,SW corner of Q3A (S of FT11-TB9 and WSW of TB6-TB7),,,,Flake,Stone,Quartz,,,,,,,,,,Number uncertain!,,,,,,,,,,,
TAG6603-AKAP-PG-SF_6184,WT1,2022,,,6603,Q3A,,,L1,SW corner of Q3A (S of FT11-TB9 and WSW of TB6-TB7),,,,Flake,Stone,Quartz,,,,,,,,,,Number uncertain!,,,,,,,,,,,
TAG6603-AKAP-PG-SF_6185,WT1,2022,,,6603,Q3A,,,L1,SW corner of Q3A (S of FT11-TB9 and WSW of TB6-TB7),,,,Flake,Stone,Flint,,,,,,,,,,Number uncertain!,,,,,,,,,,,
TAG6603-AKAP-PG-SF_6186,WT1,2022,,,6603,Q3A,,,L1,SW corner of Q3A (S of FT11-TB9 and WSW of TB6-TB7),,,,Flake,Stone,Flint,,,,,,,,,,Number uncertain!,,,,,,,,,,,
TAG6603-AKAP-PG-SF_6187,WT1,2022,,,6603,Q3A,,,L1,SW corner of Q3A (S of FT11-TB9 and WSW of TB6-TB7),,,,Flake,Stone,Flint,,,,,,,,,,Number uncertain!,,,,,,,,,,,
TAG6603-AKAP-PG-SF_6188,WT1,2022,,,6603,Q3A,,,L1,SW corner of Q3A (S of FT11-TB9 and WSW of TB6-TB7),,,,Flake,Stone,Flint,,,,,,,,,,Number uncertain!,,,,,,,,,,,
TAG6603-AKAP-PG-SF_6189,WT1,2022,,,6603,Q3A,,,L1,SW corner of Q3A (S of FT11-TB9 and WSW of TB6-TB7),,,,Flake,Stone,Flint,,,,,,,,,,Number uncertain!,,,,,,,,,,,
TAG6611-AKAP-PG-SF_6190,WT1,2022,,,6611,Q3A,,,L1,SW corner of Q3A (S of FT11-TB9 and WSW of TB6-TB7),,,,Flake,Stone,Flint,,,,,,,,,,,,,,,,,,,,,
TAG6619-AKAP-PG-SF_6191,WT1,2022,,,6619,Q3A,,,L160,,FT35,,,Flake,Stone,Flint,,,,,,,,,,,,,,,,,,,,,
TAG6622-AKAP-PG-SF_6192,WT1,2022,,,6622,Q3A,,,L158,,FT34,,,Flake,Stone,Quartz,,,,,,,,,,,,,,,,,,,,,
TAG6622-AKAP-PG-SF_6193,WT1,2022,,,6622,Q3A,,,L158,,FT34,,,Flake,Stone,Quartz,,,,,,,,,,,,,,,,,,,,,
TAG6622-AKAP-PG-SF_6194,WT1,2022,,,6622,Q3A,,,L158,,FT34,,,Blade,Stone,Carnelian,,,,,,,,,,Palaeolithic,,,,,,,,,,,
TAG6628-AKAP-PG-SF_6195,WT1,2022,,,6628,Q3A,,,L162,,FT36,,,Flake,Stone,Flint,,,,,,,,,,,,,,,,,,,,,
TAG5970-AKAP-PG-SF_6199,WT1,2022,,6,5970,Q1B,,,L1,SC,,,,Flake,Stone,Quartz,,,,,,,,,,,,,,,,,,,,,
TAG5981-AKAP-PG-SF_6200,WT1,2022,,9,5981,Q2B,,,L1,SC,,,,Flake,Stone,Quartz,,,,,,,,,,,,,,,,,,,,,
TAG7470-AKAP-PG-SF_6214,WT1,2013,13,,7470,,,,L1,SC,,,,Pebble,Stone,,,,,,,,,,,Palaeolithic? NOT FOUND IN 2024,,,,,,,,,,,
TAG7492-AKAP-PG-SF_6215,WT1,2013,35,,7492,,,,L1,SC,,,,,Stone,Ochre,,2.5YR5/8,,1.666,,,,,,,,,,,,,,,,,
TAG7513-AKAP-PG-SF_6216,WT1,2013,56,,7513,,,,L1,SC,,,,Flake,Stone,Quartz,,7.5YR8/4,,3.13,,,,,,,,,,,,,,,,,
TAG7514-AKAP-PG-SF_6217,WT1,2013,57,,7514,,,,L1,SC,,,,Flake,Stone,Quartz,,10YR8/4 and 6,,3.533,,,,,,,,,,,,,,,,,
TAG7539-AKAP-PG-SF_6218,WT1,2013,82,,7539,,,,L1,SC,,,,Flake,Stone,,,,,,,,,,,Flake reworked as a notch; NOT FOUND IN 2024,,,,,,,,,,,
TAG7546-AKAP-PG-SF_6219,WT1,2013,89,,7546,,,,L1,SC,,,,Pebble,Stone,,,7.5YR3/4,,2.92,,,,,,Palaeolithic?,,,,,,,,,,,
TAG7548-AKAP-PG-SF_6220,WT1,2013,91,,7548,,,,L1,SC,,,,Pebble,Stone,Quartz,,7.5YR4/4,,6.248,,,,,,"According to the description, th TS is a concentration of pebbles; only one is now in Kom Ombo",,,,,,,,,,,
TAG7554-AKAP-PG-SF_6221,WT1,2013,97,,7554,,,,L1,SC,,,,Blade,Stone,Agate,,,,,,,,,,NOT FOUND IN 2024,,,,,,,,,,,
TAG7560-AKAP-PG-SF_6222,WT1,2013,103,,7560,,,,L1,SC,,,,Knife,Stone,Quartz,,,,,,,,,,"Described as ""Fragment of bifacial knife, reworked as a dyadral burin""; NOT CLEAR IF FOUND IN 2024",,,,,,,,,,,
TAG7563-AKAP-PG-SF_6223,WT1,2013,106,,7563,,,,L1,SC,,,,Flake,Stone,Quartz,,10YR7/6 (not uniform),,4.745,,,,,,,,,,,,,,,,,
TAG7578-AKAP-PG-SF_6224,WT1,2013,121,,7578,,,,L1,SC,,,,Core,Stone,Quartz,,10YR7/6,,5.567,,,,,,"Large and very abraded: Palaeolithic? THERE IS 120 written on the lithic, but it is wrong!",,,,,,,,,,,
